Workbook

Sheet lab_values
A1: patient_id | B1: lactate_dehydrogenase | C1: alanine_aminotransferase | D1: hematocrit | E1: creatinine | F1: erythrocyte_mean_corpuscular_hemoglobin | G1: erythrocyte_mean_corpuscular_hemoglobin_concentration | H1: aspartate_aminotransferase | I1: erythrocyte_distribution_width | J1: erythrocyte_mean_corpuscular_volume | K1: urate | L1: leukocytes | M1: eosinophils_over_100_leukocytes | N1: hemoglobin | O1: lymphocytes_over_100_leukocytes | P1: monocytes_over_100_leukocytes | Q1: neutrophils_segmented_over_100_leukocytes | R1: platelets | S1: erythrocytes
A2: 002BD524C907A2A5121D3ADAED05D442 | B2: 750 | K2: 8.65 | L2: 33.1 | N2: 134 | R2: 157
A3: 006F52E9102A8D3BE2FE5614F42BA989 | B3: 1504 | K3: 1.2 | L3: 40.42 | N3: 7 | R3: 45
A4: 013D407166EC4FA56EB1E1F8CBE183B9
A5: 02522A2B2726FB0A03BB19F2D8D9524D | B5: 661 | C5: 14 | D5: 30.9 | E5: 0.22 | F5: 28 | G5: 33 | H5: 26 | I5: 15.2 | J5: 84 | K5: 2.3 | L5: 112.51 | M5: 0 | N5: 10.2 | O5: 19 | P5: 0 | Q5: 6 | R5: 113 | S5: 3.7
A6: 02E74F10E0327AD868D138F2B4FDD6F0
A7: 0336DCBAB05B9D5AD24F4333C7658A0E | L7: 62.7 | N7: 46 | R7: 5.4
A8: 03AFDBD66E7929B125F8597834FA83A4 | B8: 190 | C8: 6 | D8: 11.7 | E8: 0.36000001 | F8: 31 | G8: 36 | H8: 15 | I8: 12.1 | J8: 87 | K8: 2.8 | L8: 3.95 | M8: 0 | N8: 4.1999998 | O8: 84 | P8: 8 | Q8: 0 | R8: 64 | S8: 1.35
A9: 03C6B06952C750899BB03D998E631860 | L9: 7.3 | N9: 7 | R9: 48
A10: 060AD92489947D410D897474079C1477 | L10: 1.17 | N10: 7.3 | R10: 42
A11: 06138BC5AF6023646EDE0E1F7C1EAC75 | L11: 105 | N11: 55 | R11: 4.5
A12: 06409663226AF2F3114485AA4E0A23B4 | B12: 405 | K12: 4.1 | L12: 8.3 | N12: 9.1 | R12: 252
A13: 069059B7EF840F0C74A814EC9237B6EC | B13: 1073 | C13: 6 | D13: 20.4 | E13: 0.20999999 | F13: 26 | G13: 32 | H13: 34 | I13: 16.700001 | J13: 81 | K13: 3.5999999 | L13: 98.93 | M13: 0 | N13: 6.5 | O13: 40 | P13: 0 | Q13: 0 | R13: 110 | S13: 2.52
A14: 06FEE55734DEFE2EF2A60DEFFFD994FE | B14: 838 | K14: 10 | L14: 13.07 | N14: 14.8 | R14: 365
A15: 072B030BA126B2F4B2374F342BE9ED44 | B15: 659 | C15: 20 | D15: 16.1 | E15: 0.50999999 | F15: 27 | G15: 34 | H15: 34 | I15: 15 | J15: 80 | K15: 4.6999998 | L15: 70.919998 | M15: 0 | N15: 5.5 | O15: 7 | P15: 0 | Q15: 3 | R15: 118 | S15: 2.01
A16: 0777D5C17D4066B82AB86DFF8A46AF6F | B16: 380 | K16: 1.2 | L16: 0.53 | N16: 9.2 | R16: 58
A17: 07E1CD7DCA89A1678042477183B7AC3F | B17: 570 | C17: 6 | D17: 32.2 | E17: 0.3 | F17: 25 | G17: 32 | H17: 25 | I17: 14.5 | J17: 77 | K17: 7.4 | L17: 8.18 | M17: 1 | N17: 10.4 | O17: 18 | P17: 6 | Q17: 4.2 | R17: 299 | S17: 4.2
A18: 084B6FBB10729ED4DA8C3D3F5A3AE7C9 | L18: 18.7 | N18: 6.9 | R18: 30
A19: 091D584FCED301B442654DD8C23B3FC9 | L19: 102 | N19: 8 | R19: 21
A20: 093F65E080A295F8076B1C5722A46AA2 | B20: 515 | C20: 7 | D20: 13 | E20: 0.33000001 | F20: 31 | G20: 31 | H20: 22 | I20: 20.299999 | J20: 99 | K20: 4.6999998 | L20: 29.27 | M20: 0 | N20: 4 | O20: 32 | P20: 0 | Q20: 0 | R20: 17 | S20: 1.3099999
A21: 0A09C8844BA8F0936C20BD791130D6B6 | B21: 172 | K21: 5.1 | L21: 1.6 | N21: 12.7 | R21: 205
A22: 0AA1883C6411F7873CB83DACB17B0AFC | L22: 54.7 | N22: 9.7 | R22: 16
A23: 0F28B5D49B3020AFEECD95B4009ADF4C | B23: 268 | C23: 16 | D23: 15.9 | E23: 0.94 | F23: 32 | G23: 35 | H23: 19 | I23: 17.5 | J23: 96 | K23: 4.5 | L23: 1.3 | M23: 2 | N23: 5.5 | O23: 36 | P23: 20 | Q23: 4 | R23: 34 | S23: 1.66
A24: 12ED127BACFF11D62A255BE81C5E2310 | B24: 543 | K24: 3.88 | L24: 13.83 | N24: 106 | R24: 209
A25: 12F54ACB6F92C80EAC9609D202A98325 | B25: 1198 | K25: 9 | L25: 17.43 | N25: 10.6 | R25: 30
A26: 1385974ED5904A438616FF7BDB3F7439 | B26: 982 | C26: 8 | D26: 24.8 | E26: 0.63 | F26: 34 | G26: 33 | H26: 19 | I26: 16.8 | J26: 103 | K26: 3.5 | L26: 134.43 | M26: 0 | N26: 8.1 | O26: 2 | P26: 0 | Q26: 2 | R26: 173 | S26: 2.4
A27: 140F6969D5213FD0ECE03148E62E461E | B27: 705 | K27: 5.1 | L27: 218.2 | N27: 6.7 | R27: 5
A28: 149E9677A5989FD342AE44213DF68868 | B28: 3030 | K28: 2.3 | L28: 16.23 | N28: 11.1 | R28: 190
A29: 14BFA6BB14875E45BBA028A21ED38046 | B29: 441 | C29: 57 | D29: 12 | E29: 0.30000001 | F29: 30 | G29: 33 | H29: 46 | I29: 15.9 | J29: 93 | K29: 5.3000002 | L29: 5.9499998 | M29: 1 | N29: 3.9000001 | O29: 79 | P29: 0 | Q29: 2 | R29: 6 | S29: 1.29
A30: 1679091C5A880FAF6FB5E6087EB1B2DC | B30: 915 | C30: 18 | D30: 33 | E30: 0.97 | F30: 30.2 | G30: 33.3 | H30: 46 | I30: 15.6 | J30: 90.5 | K30: 9.2 | L30: 162.1 | M30: 0.8 | N30: 11.4 | O30: 5.6 | P30: 3 | Q30: 66 | R30: 602 | S30: 3.72
A31: 17E62166FC8586DFA4D1BC0E1742C08B | B31: 595 | C31: 10 | D31: 26 | E31: 0.61 | F31: 28.7 | G31: 32.9 | H31: 26 | J31: 87.2 | K31: 4.8 | L31: 271.8 | M31: 6 | N31: 8.5 | O31: 8 | P31: 6 | Q31: 23 | R31: 580 | S31: 3
A32: 182BE0C5CDCD5072BB1864CDEE4D3D6E | D32: 20 | F32: 29.8 | G32: 34 | I32: 18.7 | J32: 86 | L32: 358.9 | M32: 8 | N32: 6.29 | O32: 0 | P32: 4 | Q32: 25 | R32: 1299 | S32: 2.32
A33: 19CA14E7EA6328A42E0EB13D585E4C22 | D33: 19.1 | F33: 31.8 | G33: 36.1 | I33: 19.6 | J33: 88 | L33: 293.9 | M33: 3 | N33: 8.9 | O33: 3 | P33: 1 | Q33: 46 | R33: 618 | S33: 2.17
A34: 1A00B3B296CD48BA5D1BD76B18C48346 | B34: 402 | K34: 4.3 | L34: 24.6 | N34: 8.8 | R34: 317
A35: 1AFA34A7F984EEABDBB0A7D494132EE5 | B35: 338 | C35: 12 | D35: 21.4 | E35: 0.44 | F35: 32 | G35: 36 | H35: 21 | I35: 16.5 | J35: 93 | K35: 3 | L35: 2.25 | M35: 5 | N35: 6.6999998 | O35: 66 | P35: 1 | Q35: 8 | R35: 22 | S35: 2.3
A36: 1C383CD30B7C298AB50293ADFECB7B18 | D36: 46 | F36: 29 | G36: 33.4 | J36: 87 | L36: 52.42 | M36: 1 | N36: 15.3 | O36: 5 | Q36: 64 | R36: 363 | S36: 5.27
A37: 1C9AC0159C94D8D0CBEDC973445AF2DA | B37: 848 | K37: 0.4 | L37: 36.43 | N37: 7 | R37: 35
A38: 1F0E3DAD99908345F7439F8FFABDFFC4 | B38: 979 | C38: 12 | D38: 18.7 | E38: 0.39 | F38: 32.5 | G38: 35.3 | I38: 19 | J38: 92.1 | K38: 4.49 | L38: 514.3 | M38: 2 | N38: 6.6 | O38: 4 | P38: 0 | Q38: 35 | R38: 352 | S38: 2.03
A39: 202CB962AC59075B964B07152D234B70 | B39: 422 | C39: 5 | D39: 25.7 | E39: 0.44 | F39: 33 | G39: 37 | H39: 17 | I39: 19.8 | J39: 91 | K39: 4.5 | L39: 30.4 | M39: 0 | N39: 9.4 | O39: 9 | P39: 1 | Q39: 7 | R39: 65 | S39: 2.82
A40: 26657D5FF9020D2ABEFE558796B99584 | B40: 479 | C40: 8 | D40: 25 | E40: 0.22 | F40: 25 | G40: 32 | H40: 32 | I40: 16.299999 | J40: 78 | K40: 2.7 | L40: 12.24 | M40: 0 | N40: 8 | O40: 22 | P40: 3 | Q40: 14 | R40: 194 | S40: 3.22
A41: 2723D092B63885E0D7C260CC007E8B9D | B41: 361 | C41: 22 | D41: 25.9 | E41: 0.49000001 | F41: 28 | G41: 34 | H41: 36 | I41: 15 | J41: 83 | K41: 2.7 | L41: 2.72 | M41: 0 | N41: 8.6999998 | O41: 12 | P41: 2 | Q41: 36 | R41: 125 | S41: 3.1300001
A42: 274AD4786C3ABCA69FA097B85867D9A4 | L42: 3.1 | N42: 4.4 | R42: 39
A43: 2838023A778DFAECDC212708F721B788 | B43: 996 | C43: 8 | D43: 25.7 | E43: 0.31 | F43: 27 | G43: 31 | H43: 44 | I43: 16.1 | J43: 86 | K43: 4.1 | L43: 19.07 | M43: 0 | N43: 8 | O43: 32 | P43: 1 | Q43: 4 | R43: 141 | S43: 2.98
A44: 28DD2C7955CE926456240B2FF0100BDE | B44: 340 | C44: 448 | D44: 19 | E44: 0.31 | F44: 27 | G44: 33 | H44: 262 | I44: 14.6 | J44: 82 | K44: 4.1999998 | L44: 2.1900001 | M44: 0 | N44: 6.3000002 | O44: 72 | P44: 10 | Q44: 12 | R44: 235 | S44: 2.3199999
A45: 2A38A4A9316C49E5A833517C45D31070 | B45: 274 | C45: 14 | D45: 29 | E45: 0.56 | F45: 30 | G45: 33 | H45: 35 | I45: 13 | J45: 88 | K45: 3.8 | L45: 6.6900001 | M45: 0 | N45: 9.8000002 | O45: 88 | P45: 1 | Q45: 9 | R45: 75 | S45: 3.28
A46: 2A79EA27C279E471F4D180B08D62B00A | B46: 786 | K46: 2.3 | L46: 15.06 | N46: 7.7 | R46: 34
A47: 2B24D495052A8CE66358EB576B8912C8 | B47: 670 | K47: 4.1 | L47: 1.1 | N47: 10.2 | R47: 17
A48: 2B44928AE11FB9384C4CF38708677C48 | B48: 415 | C48: 38 | D48: 30.4 | E48: 0.56 | F48: 28 | G48: 34 | H48: 42 | I48: 13.6 | J48: 83 | K48: 4.5999999 | L48: 2.45 | M48: 1 | N48: 10.3 | O48: 64 | P48: 4 | Q48: 2 | R48: 13 | S48: 3.76
A49: 2EAB84C785399B2DCDD75FD40917C17C | B49: 1052 | K49: 4.1 | L49: 51.3 | N49: 8.6 | R49: 113
A50: 31FEFC0E570CB3860F2A6D4B38C6490D | L50: 64.69 | N50: 5.2 | R50: 21
A51: 3295C76ACBF4CAAED33C36B1B5FC2CB1 | B51: 297 | C51: 10 | D51: 21 | E51: 0.31999999 | F51: 29 | G51: 33 | H51: 32 | I51: 17.200001 | J51: 89 | K51: 3.8 | L51: 6.27 | M51: 1 | N51: 6.9000001 | O51: 38 | P51: 1 | Q51: 5 | R51: 28 | S51: 2.3599999
A52: 32BB90E8976AAB5298D5DA10FE66F21D | B52: 290 | C52: 21 | D52: 25.799999 | E52: 0.33000001 | F52: 31 | G52: 35 | H52: 43 | I52: 13.7 | J52: 88 | K52: 1.8 | L52: 1.62 | M52: 0 | N52: 9 | O52: 70 | P52: 0 | Q52: 10 | R52: 88 | S52: 2.95
A53: 335F5352088D7D9BF74191E006D8E24C | L53: 241 | N53: 7.9 | R53: 241
A54: 33E75FF09DD601BBE69F351039152189 | M54: 1 | O54: 3 | P54: 5 | Q54: 31
A55: 3416A75F4CEA9109507CACD8E2F2AEFC | D55: 41.3 | F55: 28.6 | G55: 35.1 | I55: 15 | J55: 81.5 | L55: 43.62 | M55: 1.2 | N55: 14.5 | O55: 12 | P55: 3.1 | R55: 252 | S55: 5.07
A56: 34173CB38F07F89DDBEBC2AC9128303F | D56: 26.6 | F56: 30.7 | G56: 36.5 | I56: 17 | J56: 84.2 | L56: 234.67 | M56: 2.7 | N56: 9.7 | O56: 4.2 | P56: 4.6 | R56: 540 | S56: 3.16
A57: 3421557EEC62C83EEA2C83C08A79CDB9 | B57: 783 | K57: 3.8 | L57: 68.9 | N57: 4.9 | R57: 54
A58: 357AAD4942E92FCC103D9233B6739697 | B58: 1156 | K58: 13.09 | L58: 291.1 | N58: 47 | R58: 49
A59: 35F4A8D465E6E1EDC05F3D8AB658C551 | B59: 1320 | C59: 10 | D59: 26.200001 | E59: 0.34999999 | F59: 27 | G59: 34 | H59: 37 | I59: 17.299999 | J59: 80 | K59: 8.1000004 | L59: 25.09 | M59: 0 | N59: 8.8000002 | O59: 48 | P59: 2 | Q59: 17 | R59: 53 | S59: 3.29
A60: 3636638817772E42B59D74CFF571FBB3 | B60: 285 | K60: 4.1
A61: 3644A684F98EA8FE223C713B77189A77 | L61: 128 | N61: 7.9 | R61: 121
A62: 36660E59856B4DE58A219BCF4E27EBA3 | L62: 12.75 | N62: 8 | R62: 100
A63: 37693CFC748049E45D87B8C7D8B9AACD | B63: 768 | C63: 14 | D63: 19.1 | E63: 0.4 | F63: 29.3 | G63: 34.6 | H63: 40 | J63: 84.9 | K63: 6.5 | L63: 324.46 | M63: 5 | N63: 6.6 | O63: 5 | P63: 1 | Q63: 35 | R63: 1225 | S63: 2.25
A64: 37A749D808E46495A8DA1E5352D03CAE
A65: 38B3EFF8BAF56627478EC76A704E9B52 | B65: 298 | C65: 5 | D65: 22.700001 | E65: 0.23 | F65: 28 | G65: 34 | H65: 21 | I65: 17.1 | J65: 82 | K65: 2.9000001 | L65: 3.1300001 | M65: 0 | N65: 7.8000002 | O65: 60 | P65: 2 | Q65: 6 | R65: 100 | S65: 2.78
A66: 38DB3AED920CF82AB059BFCCBD02BE6A | L66: 5.7 | N66: 10 | R66: 48
A67: 39059724F73A9969845DFE4146C5660E | L67: 8 | N67: 45 | R67: 9.3
A68: 398499203B70C029E7F1BEFF75C0DEA1 | B68: 699 | K68: 6.3 | L68: 6 | N68: 7.2 | R68: 22
A69: 3988C7F88EBCB58C6CE932B957B6F332
A70: 399C0FDBA7E789C6736AC660D23B4BB6 | B70: 336 | K70: 6.7 | L70: 2.3 | N70: 7.2 | R70: 13
A71: 3B80517688B93186611E64FE9268FCA7 | B71: 963 | C71: 32 | D71: 36 | E71: 0.6 | F71: 27 | G71: 38 | H71: 42 | I71: 13.2 | J71: 71 | K71: 10.9 | L71: 7.79 | M71: 3 | N71: 13.5 | O71: 30 | P71: 8 | Q71: 42 | R71: 146 | S71: 5.06
A72: 3B8A614226A953A8CD9526FCA6FE9BA5 | L72: 26.8 | N72: 10.1 | R72: 87
A73: 3C59DC048E8850243BE8079A5C74D079 | M73: 4 | N73: 7.9 | O73: 2 | P73: 0 | Q73: 44 | R73: 1257
A74: 3DEF184AD8F4755FF269862EA77393DD | B74: 654 | C74: 20 | D74: 31.700001 | E74: 0.69999999 | F74: 32 | G74: 33 | H74: 31 | I74: 12.9 | J74: 96 | K74: 5.1999998 | L74: 29.18 | M74: 0 | N74: 9.3000002 | O74: 8 | P74: 0 | Q74: 3 | R74: 12 | S74: 3.3
A75: 3EF815416F775098FE977004015C6193 | B75: 349 | C75: 10 | D75: 23.4 | E75: 0.37 | F75: 28 | G75: 34 | H75: 21 | I75: 15.6 | J75: 80 | K75: 1.4 | L75: 2.74 | M75: 3 | N75: 7.9000001 | O75: 64 | P75: 2 | Q75: 19 | R75: 295 | S75: 2.8699999
A76: 42A0E188F5033BC65BF8D78622277C4E | B76: 1268 | C76: 37 | D76: 35.799999 | E76: 0.31 | F76: 30 | G76: 37 | H76: 51 | I76: 14.2 | J76: 82 | K76: 4.3000002 | L76: 5.6300001 | M76: 0 | N76: 13.2 | O76: 66 | P76: 6 | Q76: 5 | R76: 135 | S76: 4.3699999
A77: 43EC517D68B6EDD3015B3EDC9A11367B | B77: 418 | C77: 7 | D77: 7.4000001 | E77: 0.20999999 | F77: 30 | G77: 32 | H77: 22 | I77: 18 | J77: 94 | K77: 3.7 | L77: 12.57 | M77: 1 | N77: 2.4000001 | O77: 34 | P77: 0 | Q77: 0 | R77: 11 | S77: 0.79000002
A78: 4443AEE183B279F76A95C13C7F5BCA0D | B78: 372 | C78: 282.4 | D78: 32.9 | E78: 0.59 | F78: 29 | G78: 31 | H78: 27.3 | I78: 18 | J78: 86.4 | K78: 2.7 | L78: 2.7 | M78: 1 | N78: 10.1 | O78: 9 | P78: 4 | Q78: 6 | R78: 38 | S78: 3.53
A79: 44F683A84163B3523AFE57C2E008BC8C | B79: 1367 | C79: 9 | D79: 31.299999 | E79: 0.54000002 | F79: 27 | G79: 32 | H79: 32 | I79: 14.1 | J79: 85 | K79: 6.8000002 | L79: 64.599998 | M79: 0 | N79: 10.1 | O79: 8 | P79: 0 | Q79: 12 | R79: 116 | S79: 3.6900001
A80: 45C48CCE2E2D7FBDEA1AFC51C7C6AD26 | B80: 1101 | C80: 21 | D80: 30 | E80: 0.74 | F80: 33 | G80: 32 | H80: 44 | I80: 18.1 | J80: 104 | K80: 6.4 | L80: 197.14 | M80: 1 | N80: 9.5 | O80: 5 | P80: 2 | Q80: 22 | R80: 1325 | S80: 2.89
A81: 47397D3C4DB6F903852E87660CB96E3D | B81: 1199 | K81: 3.1 | L81: 1.8 | N81: 87 | R81: 184
A82: 47D1E990583C9C67424D369F3414728E | B82: 329 | K82: 6.9 | L82: 4.4 | N82: 8.9 | R82: 18
A83: 4C56FF4CE4AAF9573AA5DFF913DF997A | B83: 447 | C83: 4 | D83: 20.799999 | E83: 0.43000001 | F83: 32 | G83: 33 | H83: 18 | I83: 13.6 | J83: 98 | K83: 2.0999999 | L83: 23.02 | M83: 4 | N83: 6.8000002 | O83: 5 | P83: 3 | Q83: 4 | R83: 58 | S83: 2.1199999
A84: 4E732CED3463D06DE0CA9A15B6153677 | D84: 47 | F84: 30.5 | G84: 33.8 | I84: 16.9 | J84: 90 | L84: 56.4 | M84: 4 | N84: 15.9 | O84: 2 | P84: 5 | Q84: 52 | R84: 497 | S84: 5.23
A85: 4F584FE84E3D2EDE914508A873D75855 | B85: 887 | K85: 3.33 | L85: 2.43 | N85: 111 | R85: 124
A86: 54229ABFCFA5649E7003B83DD4755294 | B86: 657 | C86: 44 | D86: 19.6 | E86: 1.0700001 | F86: 30 | G86: 36 | H86: 82 | I86: 14.5 | J86: 84 | K86: 6.0999999 | L86: 3.3099999 | M86: 0 | N86: 7.0999999 | O86: 44 | P86: 0 | Q86: 26 | R86: 26 | S86: 2.3399999
A87: 5878A7AB84FB43402106C575658472FA | B87: 362 | K87: 4.5 | L87: 4.19 | N87: 8.9 | R87: 130
A88: 58A2FC6ED39FD083F55D4182BF88826D | L88: 6.48 | N88: 7.5 | R88: 24
A89: 5C820C4E9439DC590E3192DBB774255E | B89: 571 | K89: 5.8 | L89: 52.9 | N89: 10.6 | R89: 52
A90: 5EF059938BA799AAA845E1C2E8A762BD | B90: 795 | C90: 20 | D90: 33.200001 | E90: 1.1900001 | F90: 32 | G90: 32 | H90: 35 | I90: 19.299999 | J90: 102 | K90: 11.9 | L90: 21.92 | M90: 1 | N90: 9.3999996 | O90: 5 | P90: 2 | Q90: 7 | R90: 34 | S90: 3.26
A91: 5F93F983524DEF3DCA464469D2CF9F3E | B91: 375 | C91: 12 | D91: 21.6 | E91: 0.33000001 | F91: 28 | G91: 35 | H91: 28 | I91: 16.5 | J91: 80 | K91: 6 | L91: 2.01 | M91: 0 | N91: 7.1999998 | O91: 54 | P91: 2 | Q91: 7 | R91: 48 | S91: 2.7
A92: 5FD0B37CD7DBBB00F97BA6CE92BF5ADD | B92: 1301 | C92: 51 | D92: 35.799999 | E92: 1.04 | F92: 29 | G92: 36 | H92: 43 | I92: 14.3 | J92: 82 | K92: 13.1 | L92: 66.269997 | M92: 1 | N92: 12.9 | O92: 5 | P92: 1 | Q92: 3 | R92: 12 | S92: 4.3899999
A93: 61BEED9E2C7DBF9CF3F2DBA9FFD26B2A | B93: 211 | K93: 4.43 | L93: 3.2 | N93: 37 | R93: 178
A94: 621BF66DDB7C962AA0D22AC97D69B793 | L94: 48.55 | N94: 8.2 | R94: 354
A95: 623AE0B81861352D483A3CAE6CD34DDB | B95: 1148 | K95: 7.9 | L95: 19.91 | N95: 11.6 | R95: 125
A96: 6364D3F0F495B6AB9DCF8D3B5C6E0B01 | M96: 15 | O96: 2 | P96: 0 | Q96: 30
A97: 63DC7ED1010D3C3B8269FAF0BA7491D4 | L97: 6.26 | N97: 9.1 | R97: 94
A98: 642E92EFB79421734881B53E1E1B18B6 | C98: 14 | D98: 23.9 | E98: 0.57 | F98: 31.6 | G98: 35 | H98: 34 | J98: 91.2 | L98: 196 | M98: 2 | N98: 7.7 | O98: 3 | P98: 2 | Q98: 44 | R98: 346 | S98: 2.62
A99: 6512BD43D9CAA6E02C990B0A82652DCA | B99: 721 | C99: 17 | D99: 24 | E99: 0.3 | F99: 27.8 | G99: 32.5 | H99: 49 | I99: 17.7 | J99: 85.4 | K99: 10.2 | L99: 172.4 | M99: 2 | N99: 7.8 | O99: 13 | P99: 7 | Q99: 36 | R99: 324 | S99: 2.81
A100: 65B9EEA6E1CC6BB9F0CD2A47751A186F | B100: 498 | C100: 21 | D100: 27.799999 | E100: 0.63 | F100: 31 | G100: 37 | H100: 27 | I100: 15.7 | J100: 84 | K100: 4.8000002 | L100: 26.98 | M100: 1 | N100: 9.1999998 | O100: 12 | P100: 1 | Q100: 3 | R100: 15 | S100: 3.3099999
...

Sheet idc_dictionary
A1: column_formula | B1: column_label_formula
A2: lactate_dehydrogenase | B2: LOINC:14804-9 COMPONENT: Lactate dehydrogenase DISPLAY_NAME: LDH Lactate to pyruvate reaction
A3: alanine_aminotransferase | B3: LOINC:1743-4 COMPONENT: Alanine aminotransferase DISPLAY_NAME: ALT With P-5'-P [Catalytic activity/Vol]
A4: hematocrit | B4: LOINC:20570-8 COMPONENT: Hematocrit DISPLAY_NAME: Hematocrit (Bld) [Volume fraction]
A5: creatinine | B5: LOINC:2160-0 COMPONENT: Creatinine DISPLAY_NAME: Creatinine [Mass/Vol]
A6: erythrocyte_mean_corpuscular_hemoglobin | B6: LOINC:28539-5 COMPONENT: Erythrocyte mean corpuscular hemoglobin DISPLAY_NAME: MCH (RBC) [Entitic mass]
A7: erythrocyte_mean_corpuscular_hemoglobin_concentration | B7: LOINC:28540-3 COMPONENT: Erythrocyte mean corpuscular hemoglobin concentration DISPLAY_NAME: MCHC (RBC) [Mass/Vol]
A8: aspartate_aminotransferase | B8: LOINC:30239-8 COMPONENT: Aspartate aminotransferase DISPLAY_NAME: AST With P-5'-P [Catalytic activity/Vol]
A9: erythrocyte_distribution_width | B9: LOINC:30385-9 COMPONENT: Erythrocyte distribution width DISPLAY_NAME: Erythrocyte distribution width (RBC) [Ratio]
A10: erythrocyte_mean_corpuscular_volume | B10: LOINC:30428-7 COMPONENT: Erythrocyte mean corpuscular volume DISPLAY_NAME: MCV (RBC) [Entitic vol]
A11: urate | B11: LOINC:3084-1 COMPONENT: Urate DISPLAY_NAME: Urate [Mass/Vol]
A12: leukocytes | B12: LOINC:6690-2 COMPONENT: Leukocytes DISPLAY_NAME: WBC Auto (Bld) [#/Vol]
... A19: erythrocytes | B19: LOINC:789-8 COMPONENT: Erythrocytes DISPLAY_NAME: RBC Auto (Bld) [#/Vol]

Sheet idc_dictionary_formula
A1: column_formula | B1: column_label_formula
A2: =IFERROR(__xludf.DUMMYFUNCTION("REGEXREPLACE(REGEXREPLACE(LOWER(original_dictionary!B2),""[ .]"",""_""),""/"",""_over_"")"),"lactate_dehydrogenase") -> lactate_dehydrogenase | B2: =concat("LOINC:",concat(original_dictionary!A2,concat(" COMPONENT: ",concat(original_dictionary!B2,concat(" DISPLAY_NAME: ",original_dictionary!C2))))) -> LOINC:14804-9 COMPONENT: Lactate dehydrogenase DISPLAY_NAME: LDH Lactate to pyruvate reaction
A3: =IFERROR(__xludf.DUMMYFUNCTION("REGEXREPLACE(REGEXREPLACE(LOWER(original_dictionary!B3),""[ .]"",""_""),""/"",""_over_"")"),"alanine_aminotransferase") -> alanine_aminotransferase | B3: =concat("LOINC:",concat(original_dictionary!A3,concat(" COMPONENT: ",concat(original_dictionary!B3,concat(" DISPLAY_NAME: ",original_dictionary!C3))))) -> LOINC:1743-4 COMPONENT: Alanine aminotransferase DISPLAY_NAME: ALT With P-5'-P [Catalytic activity/Vol]
A4: =IFERROR(__xludf.DUMMYFUNCTION("REGEXREPLACE(REGEXREPLACE(LOWER(original_dictionary!B4),""[ .]"",""_""),""/"",""_over_"")"),"hematocrit") -> hematocrit | B4: =concat("LOINC:",concat(original_dictionary!A4,concat(" COMPONENT: ",concat(original_dictionary!B4,concat(" DISPLAY_NAME: ",original_dictionary!C4))))) -> LOINC:20570-8 COMPONENT: Hematocrit DISPLAY_NAME: Hematocrit (Bld) [Volume fraction]
A5: =IFERROR(__xludf.DUMMYFUNCTION("REGEXREPLACE(REGEXREPLACE(LOWER(original_dictionary!B5),""[ .]"",""_""),""/"",""_over_"")"),"creatinine") -> creatinine | B5: =concat("LOINC:",concat(original_dictionary!A5,concat(" COMPONENT: ",concat(original_dictionary!B5,concat(" DISPLAY_NAME: ",original_dictionary!C5))))) -> LOINC:2160-0 COMPONENT: Creatinine DISPLAY_NAME: Creatinine [Mass/Vol]
A6: =IFERROR(__xludf.DUMMYFUNCTION("REGEXREPLACE(REGEXREPLACE(LOWER(original_dictionary!B6),""[ .]"",""_""),""/"",""_over_"")"),"erythrocyte_mean_corpuscular_hemoglobin") -> erythrocyte_mean_corpuscular_hemoglobin | B6: =concat("LOINC:",concat(original_dictionary!A6,concat(" COMPONENT: ",concat(original_dictionary!B6,concat(" DISPLAY_NAME: ",original_dictionary!C6))))) -> LOINC:28539-5 COMPONENT: Erythrocyte mean corpuscular hemoglobin DISPLAY_NAME: MCH (RBC) [Entitic mass]
A7: =IFERROR(__xludf.DUMMYFUNCTION("REGEXREPLACE(REGEXREPLACE(LOWER(original_dictionary!B7),""[ .]"",""_""),""/"",""_over_"")"),"erythrocyte_mean_corpuscular_hemoglobin_concentration") -> erythrocyte_mean_corpuscular_hemoglobin_concentration | B7: =concat("LOINC:",concat(original_dictionary!A7,concat(" COMPONENT: ",concat(original_dictionary!B7,concat(" DISPLAY_NAME: ",original_dictionary!C7))))) -> LOINC:28540-3 COMPONENT: Erythrocyte mean corpuscular hemoglobin concentration DISPLAY_NAME: MCHC (RBC) [Mass/Vol]
A8: =IFERROR(__xludf.DUMMYFUNCTION("REGEXREPLACE(REGEXREPLACE(LOWER(original_dictionary!B8),""[ .]"",""_""),""/"",""_over_"")"),"aspartate_aminotransferase") -> aspartate_aminotransferase | B8: =concat("LOINC:",concat(original_dictionary!A8,concat(" COMPONENT: ",concat(original_dictionary!B8,concat(" DISPLAY_NAME: ",original_dictionary!C8))))) -> LOINC:30239-8 COMPONENT: Aspartate aminotransferase DISPLAY_NAME: AST With P-5'-P [Catalytic activity/Vol]
A9: =IFERROR(__xludf.DUMMYFUNCTION("REGEXREPLACE(REGEXREPLACE(LOWER(original_dictionary!B9),""[ .]"",""_""),""/"",""_over_"")"),"erythrocyte_distribution_width") -> erythrocyte_distribution_width | B9: =concat("LOINC:",concat(original_dictionary!A9,concat(" COMPONENT: ",concat(original_dictionary!B9,concat(" DISPLAY_NAME: ",original_dictionary!C9))))) -> LOINC:30385-9 COMPONENT: Erythrocyte distribution width DISPLAY_NAME: Erythrocyte distribution width (RBC) [Ratio]
A10: =IFERROR(__xludf.DUMMYFUNCTION("REGEXREPLACE(REGEXREPLACE(LOWER(original_dictionary!B10),""[ .]"",""_""),""/"",""_over_"")"),"erythrocyte_mean_corpuscular_volume") -> erythrocyte_mean_corpuscular_volume | B10: =concat("LOINC:",concat(original_dictionary!A10,concat(" COMPONENT: ",concat(original_dictionary!B10,concat(" DISPLAY_NAME: ",original_dictionary!C10))))) -> LOINC:30428-7 COMPONENT: Erythrocyte mean corpuscular volume DISPLAY_NAME: MCV (RBC) [Entitic vol]
A11: =IFERROR(__xludf.DUMMYFUNCTION("REGEXREPLACE(REGEXREPLACE(LOWER(original_dictionary!B11),""[ .]"",""_""),""/"",""_over_"")"),"urate") -> urate | B11: =concat("LOINC:",concat(original_dictionary!A11,concat(" COMPONENT: ",concat(original_dictionary!B11,concat(" DISPLAY_NAME: ",original_dictionary!C11))))) -> LOINC:3084-1 COMPONENT: Urate DISPLAY_NAME: Urate [Mass/Vol]
A12: =IFERROR(__xludf.DUMMYFUNCTION("REGEXREPLACE(REGEXREPLACE(LOWER(original_dictionary!B12),""[ .]"",""_""),""/"",""_over_"")"),"leukocytes") -> leukocytes | B12: =concat("LOINC:",concat(original_dictionary!A12,concat(" COMPONENT: ",concat(original_dictionary!B12,concat(" DISPLAY_NAME: ",original_dictionary!C12))))) -> LOINC:6690-2 COMPONENT: Leukocytes DISPLAY_NAME: WBC Auto (Bld) [#/Vol]
A13: =IFERROR(__xludf.DUMMYFUNCTION("REGEXREPLACE(REGEXREPLACE(LOWER(original_dictionary!B13),""[ .]"",""_""),""/"",""_over_"")"),"eosinophils_over_100_leukocytes") -> eosinophils_over_100_leukocytes | B13: =concat("LOINC:",concat(original_dictionary!A13,concat(" COMPONENT: ",concat(original_dictionary!B13,concat(" DISPLAY_NAME: ",original_dictionary!C13))))) -> LOINC:714-6 COMPONENT: Eosinophils/100 leukocytes DISPLAY_NAME: Eosinophils/100 WBC Manual cnt (Bld)
A14: =IFERROR(__xludf.DUMMYFUNCTION("REGEXREPLACE(REGEXREPLACE(LOWER(original_dictionary!B14),""[ .]"",""_""),""/"",""_over_"")"),"hemoglobin") -> hemoglobin | B14: =concat("LOINC:",concat(original_dictionary!A14,concat(" COMPONENT: ",concat(original_dictionary!B14,concat(" DISPLAY_NAME: ",original_dictionary!C14))))) -> LOINC:718-7 COMPONENT: Hemoglobin DISPLAY_NAME: Hemoglobin (Bld) [Mass/Vol]
A15: =IFERROR(__xludf.DUMMYFUNCTION("REGEXREPLACE(REGEXREPLACE(LOWER(original_dictionary!B15),""[ .]"",""_""),""/"",""_over_"")"),"lymphocytes_over_100_leukocytes") -> lymphocytes_over_100_leukocytes | B15: =concat("LOINC:",concat(original_dictionary!A15,concat(" COMPONENT: ",concat(original_dictionary!B15,concat(" DISPLAY_NAME: ",original_dictionary!C15))))) -> LOINC:737-7 COMPONENT: Lymphocytes/100 leukocytes DISPLAY_NAME: Lymphocytes/100 WBC Manual cnt (Bld)
A16: =IFERROR(__xludf.DUMMYFUNCTION("REGEXREPLACE(REGEXREPLACE(LOWER(original_dictionary!B16),""[ .]"",""_""),""/"",""_over_"")"),"monocytes_over_100_leukocytes") -> monocytes_over_100_leukocytes | B16: =concat("LOINC:",concat(original_dictionary!A16,concat(" COMPONENT: ",concat(original_dictionary!B16,concat(" DISPLAY_NAME: ",original_dictionary!C16))))) -> LOINC:744-3 COMPONENT: Monocytes/100 leukocytes DISPLAY_NAME: Monocytes/100 WBC Manual cnt (Bld)
A17: =IFERROR(__xludf.DUMMYFUNCTION("REGEXREPLACE(REGEXREPLACE(LOWER(original_dictionary!B17),""[ .]"",""_""),""/"",""_over_"")"),"neutrophils_segmented_over_100_leukocytes") -> neutrophils_segmented_over_100_leukocytes | B17: =concat("LOINC:",concat(original_dictionary!A17,concat(" COMPONENT: ",concat(original_dictionary!B17,concat(" DISPLAY_NAME: ",original_dictionary!C17))))) -> LOINC:769-0 COMPONENT: Neutrophils.segmented/100 leukocytes DISPLAY_NAME: Segmented neutrophils/100 WBC Manual cnt (Bld)
A18: =IFERROR(__xludf.DUMMYFUNCTION("REGEXREPLACE(REGEXREPLACE(LOWER(original_dictionary!B18),""[ .]"",""_""),""/"",""_over_"")"),"platelets") -> platelets | B18: =concat("LOINC:",concat(original_dictionary!A18,concat(" COMPONENT: ",concat(original_dictionary!B18,concat(" DISPLAY_NAME: ",original_dictionary!C18))))) -> LOINC:777-3 COMPONENT: Platelets DISPLAY_NAME: Platelets Auto (Bld) [#/Vol]
A19: =IFERROR(__xludf.DUMMYFUNCTION("REGEXREPLACE(REGEXREPLACE(LOWER(original_dictionary!B19),""[ .]"",""_""),""/"",""_over_"")"),"erythrocytes") -> erythrocytes | B19: =concat("LOINC:",concat(original_dictionary!A19,concat(" COMPONENT: ",concat(original_dictionary!B19,concat(" DISPLAY_NAME: ",original_dictionary!C19))))) -> LOINC:789-8 COMPONENT: Erythrocytes DISPLAY_NAME: RBC Auto (Bld) [#/Vol]

Sheet original_dictionary
A1: LOINC | B1: COMPONENT | C1: DISPLAY_NAME
A2: 14804-9 | B2: Lactate dehydrogenase | C2: LDH Lactate to pyruvate reaction
A3: 1743-4 | B3: Alanine aminotransferase | C3: ALT With P-5'-P [Catalytic activity/Vol]
A4: 20570-8 | B4: Hematocrit | C4: Hematocrit (Bld) [Volume fraction]
A5: 2160-0 | B5: Creatinine | C5: Creatinine [Mass/Vol]
A6: 28539-5 | B6: Erythrocyte mean corpuscular hemoglobin | C6: MCH (RBC) [Entitic mass]
A7: 28540-3 | B7: Erythrocyte mean corpuscular hemoglobin concentration | C7: MCHC (RBC) [Mass/Vol]
A8: 30239-8 | B8: Aspartate aminotransferase | C8: AST With P-5'-P [Catalytic activity/Vol]
A9: 30385-9 | B9: Erythrocyte distribution width | C9: Erythrocyte distribution width (RBC) [Ratio]
A10: 30428-7 | B10: Erythrocyte mean corpuscular volume | C10: MCV (RBC) [Entitic vol]
A11: 3084-1 | B11: Urate | C11: Urate [Mass/Vol]
A12: 6690-2 | B12: Leukocytes | C12: WBC Auto (Bld) [#/Vol]
... A19: 789-8 | B19: Erythrocytes | C19: RBC Auto (Bld) [#/Vol]
A21: Supplemental Table 2: List of laboratory values in the dataset as LOINC codes with their respective descriptions.
